{"cameraMode":{"drawMode":3,"name":"Shadow Cascades","section":"Miscellaneous"},"sceneLighting":true,"audioPlay":false,"sceneViewState":{"showFog":true,"showMaterialUpdate":false,"showSkybox":true,"showFlares":true,"showImageEffects":true,"showParticleSystems":true},"in2DMode":false,"pivot":{"x":-2.21224308013916,"y":-11.20949935913086,"z":20.853187561035158},"rotation":{"x":-0.23422734439373017,"y":0.12674033641815186,"z":-0.03081386722624302,"w":-0.963392436504364},"size":47.71299743652344,"orthographic":false}