{"cameraMode":{"drawMode":3,"name":"Shadow Cascades","section":"Miscellaneous"},"sceneLighting":true,"audioPlay":false,"sceneViewState":{"showFog":true,"showMaterialUpdate":false,"showSkybox":true,"showFlares":true,"showImageEffects":true,"showParticleSystems":true},"in2DMode":false,"pivot":{"x":-8.311237335205079,"y":12.234382629394532,"z":-6.927007675170898},"rotation":{"x":-0.06858870387077332,"y":0.9041080474853516,"z":-0.39080047607421877,"w":-0.1586168259382248},"size":34.47569274902344,"orthographic":true}