{"cameraMode":{"drawMode":3,"name":"Shadow Cascades","section":"Miscellaneous"},"sceneLighting":true,"audioPlay":false,"sceneViewState":{"showFog":true,"showMaterialUpdate":false,"showSkybox":true,"showFlares":true,"showImageEffects":true,"showParticleSystems":true},"in2DMode":false,"pivot":{"x":-12.766581535339356,"y":5.066343307495117,"z":-20.874160766601564},"rotation":{"x":-0.20518244802951814,"y":-0.6014055609703064,"z":0.16355174779891969,"w":-0.7546273469924927},"size":0.8950712084770203,"orthographic":false}