{"cameraMode":{"drawMode":3,"name":"Shadow Cascades","section":"Miscellaneous"},"sceneLighting":true,"audioPlay":false,"sceneViewState":{"showFog":true,"showMaterialUpdate":false,"showSkybox":true,"showFlares":true,"showImageEffects":true,"showParticleSystems":true},"in2DMode":false,"pivot":{"x":-2.4750001430511476,"y":0.5222139358520508,"z":3.9750001430511476},"rotation":{"x":-0.46326735615730288,"y":-0.23956060409545899,"z":0.13167624175548554,"w":-0.8430038690567017},"size":14.919573783874512,"orthographic":true}